{"cameraMode":{"drawMode":0,"name":"Shaded","section":"Shading Mode"},"sceneLighting":true,"audioPlay":false,"sceneViewState":{"m_AlwaysRefresh":false,"showFog":true,"showSkybox":true,"showFlares":true,"showImageEffects":true,"showParticleSystems":true,"showVisualEffectGraphs":true,"m_FxEnabled":true},"in2DMode":false,"pivot":{"x":209.12054443359376,"y":-25.342079162597658,"z":221.1473846435547},"rotation":{"x":0.2449880838394165,"y":0.15481293201446534,"z":-0.0396614670753479,"w":0.9562670588493347},"size":143.69406127929688,"orthographic":false}