{"cameraMode":{"drawMode":0,"name":"Shaded","section":"Shading Mode"},"sceneLighting":true,"audioPlay":false,"sceneViewState":{"m_AlwaysRefresh":false,"showFog":true,"showSkybox":true,"showFlares":true,"showImageEffects":true,"showParticleSystems":true,"showVisualEffectGraphs":true,"m_FxEnabled":true},"in2DMode":false,"pivot":{"x":194.42727661132813,"y":13.819999694824219,"z":238.90760803222657},"rotation":{"x":0.11085880547761917,"y":0.8249341249465942,"z":-0.1737576723098755,"w":0.5263115167617798},"size":12.12435531616211,"orthographic":false}