{"cameraMode":{"drawMode":0,"name":"Shaded","section":"Shading Mode"},"sceneLighting":true,"audioPlay":false,"sceneViewState":{"m_AlwaysRefresh":false,"showFog":true,"showSkybox":true,"showFlares":true,"showImageEffects":true,"showParticleSystems":true,"showVisualEffectGraphs":true,"m_FxEnabled":true},"in2DMode":false,"pivot":{"x":194.75338745117188,"y":12.792211532592774,"z":250.03512573242188},"rotation":{"x":0.24512562155723573,"y":0.10012409090995789,"z":-0.025460295379161836,"w":0.9639710187911987},"size":1.4028260707855225,"orthographic":false}