{"cameraMode":{"drawMode":0,"name":"Shaded","section":"Shading Mode"},"sceneLighting":false,"audioPlay":false,"sceneViewState":{"m_AlwaysRefresh":false,"showFog":true,"showSkybox":false,"showFlares":true,"showImageEffects":true,"showParticleSystems":true,"showVisualEffectGraphs":true,"m_FxEnabled":true},"in2DMode":false,"pivot":{"x":4.76837158203125e-7,"y":0.8618142008781433,"z":-0.03827614337205887},"rotation":{"x":-0.0005613772664219141,"y":-0.999397873878479,"z":-0.01949065923690796,"w":0.02878701128065586},"size":1.250514268875122,"orthographic":true}