{"cameraMode":{"drawMode":0,"name":"Shaded","section":"Shading Mode"},"sceneLighting":true,"audioPlay":false,"sceneViewState":{"m_AlwaysRefresh":false,"showFog":true,"showSkybox":true,"showFlares":true,"showImageEffects":true,"showParticleSystems":true,"showVisualEffectGraphs":true,"m_FxEnabled":true},"in2DMode":false,"pivot":{"x":-0.26870131492614748,"y":0.9120485782623291,"z":-0.3604753017425537},"rotation":{"x":0.14692428708076478,"y":0.321229487657547,"z":-0.05052238330245018,"w":0.9341703057289124},"size":2.011368751525879,"orthographic":false}